filepath, class
data/classifier/train/0000.npz, 4
data/classifier/train/0001.npz, 2
data/classifier/train/0002.npz, 4
data/classifier/train/0003.npz, 4
data/classifier/train/0004.npz, 2
data/classifier/train/0005.npz, 4
data/classifier/train/0006.npz, 4
data/classifier/train/0007.npz, 3
data/classifier/train/0008.npz, 0
data/classifier/train/0009.npz, 4
data/classifier/train/0010.npz, 2
data/classifier/train/0011.npz, 4
data/classifier/train/0012.npz, 0
data/classifier/train/0013.npz, 4
data/classifier/train/0014.npz, 0
data/classifier/train/0015.npz, 0
data/classifier/train/0016.npz, 4
data/classifier/train/0017.npz, 4
data/classifier/train/0018.npz, 2
data/classifier/train/0019.npz, 4
data/classifier/train/0020.npz, 4
data/classifier/train/0021.npz, 4
data/classifier/train/0022.npz, 4
data/classifier/train/0023.npz, 4
data/classifier/train/0024.npz, 2
data/classifier/train/0025.npz, 1
data/classifier/train/0026.npz, 4
data/classifier/train/0027.npz, 3
data/classifier/train/0028.npz, 2
data/classifier/train/0029.npz, 4
data/classifier/train/0030.npz, 1
data/classifier/train/0031.npz, 4
data/classifier/train/0032.npz, 4
data/classifier/train/0033.npz, 3
data/classifier/train/0034.npz, 4
data/classifier/train/0035.npz, 4
data/classifier/train/0036.npz, 4
data/classifier/train/0037.npz, 4
data/classifier/train/0038.npz, 3
data/classifier/train/0039.npz, 4
data/classifier/train/0040.npz, 2
data/classifier/train/0041.npz, 4
data/classifier/train/0042.npz, 3
data/classifier/train/0043.npz, 3
data/classifier/train/0044.npz, 4
data/classifier/train/0045.npz, 4
data/classifier/train/0046.npz, 4
data/classifier/train/0047.npz, 4
data/classifier/train/0048.npz, 4
data/classifier/train/0049.npz, 4
data/classifier/train/0050.npz, 0
data/classifier/train/0051.npz, 3
data/classifier/train/0052.npz, 4
data/classifier/train/0053.npz, 2
data/classifier/train/0054.npz, 4
data/classifier/train/0055.npz, 2
data/classifier/train/0056.npz, 0
data/classifier/train/0057.npz, 4
data/classifier/train/0058.npz, 4
data/classifier/train/0059.npz, 2
data/classifier/train/0060.npz, 4
data/classifier/train/0061.npz, 4
data/classifier/train/0062.npz, 4
data/classifier/train/0063.npz, 4
data/classifier/train/0064.npz, 4
data/classifier/train/0065.npz, 0
data/classifier/train/0066.npz, 1
data/classifier/train/0067.npz, 4
data/classifier/train/0068.npz, 4
data/classifier/train/0069.npz, 0
data/classifier/train/0070.npz, 1
data/classifier/train/0071.npz, 4
data/classifier/train/0072.npz, 4
data/classifier/train/0073.npz, 4
data/classifier/train/0074.npz, 4
data/classifier/train/0075.npz, 4
data/classifier/train/0076.npz, 0
data/classifier/train/0077.npz, 2
data/classifier/train/0078.npz, 4
data/classifier/train/0079.npz, 4
data/classifier/train/0080.npz, 3
data/classifier/train/0081.npz, 2
data/classifier/train/0082.npz, 4
data/classifier/train/0083.npz, 4
data/classifier/train/0084.npz, 4
data/classifier/train/0085.npz, 4
data/classifier/train/0086.npz, 1
data/classifier/train/0087.npz, 3
data/classifier/train/0088.npz, 4
data/classifier/train/0089.npz, 2
data/classifier/train/0090.npz, 3
data/classifier/train/0091.npz, 3
data/classifier/train/0092.npz, 4
data/classifier/train/0093.npz, 1
data/classifier/train/0094.npz, 4
data/classifier/train/0095.npz, 4
data/classifier/train/0096.npz, 3
data/classifier/train/0097.npz, 1
data/classifier/train/0098.npz, 3
data/classifier/train/0099.npz, 4
data/classifier/train/0100.npz, 4
data/classifier/train/0101.npz, 4
data/classifier/train/0102.npz, 4
data/classifier/train/0103.npz, 4
data/classifier/train/0104.npz, 4
data/classifier/train/0105.npz, 4
data/classifier/train/0106.npz, 4
data/classifier/train/0107.npz, 4
data/classifier/train/0108.npz, 2
data/classifier/train/0109.npz, 4
data/classifier/train/0110.npz, 4
data/classifier/train/0111.npz, 1
data/classifier/train/0112.npz, 1
data/classifier/train/0113.npz, 4
data/classifier/train/0114.npz, 4
data/classifier/train/0115.npz, 4
data/classifier/train/0116.npz, 4
data/classifier/train/0117.npz, 4
data/classifier/train/0118.npz, 4
data/classifier/train/0119.npz, 0
data/classifier/train/0120.npz, 4
data/classifier/train/0121.npz, 2
data/classifier/train/0122.npz, 0
data/classifier/train/0123.npz, 4
data/classifier/train/0124.npz, 3
data/classifier/train/0125.npz, 4
data/classifier/train/0126.npz, 0
data/classifier/train/0127.npz, 2
data/classifier/train/0128.npz, 4
data/classifier/train/0129.npz, 4
data/classifier/train/0130.npz, 2
data/classifier/train/0131.npz, 4
data/classifier/train/0132.npz, 3
data/classifier/train/0133.npz, 4
data/classifier/train/0134.npz, 1
data/classifier/train/0135.npz, 0
data/classifier/train/0136.npz, 4
data/classifier/train/0137.npz, 4
data/classifier/train/0138.npz, 4
data/classifier/train/0139.npz, 0
data/classifier/train/0140.npz, 4
data/classifier/train/0141.npz, 0
data/classifier/train/0142.npz, 4
data/classifier/train/0143.npz, 4
data/classifier/train/0144.npz, 0
data/classifier/train/0145.npz, 4
data/classifier/train/0146.npz, 4
data/classifier/train/0147.npz, 4
data/classifier/train/0148.npz, 4
data/classifier/train/0149.npz, 4
data/classifier/train/0150.npz, 4
data/classifier/train/0151.npz, 4
data/classifier/train/0152.npz, 2
data/classifier/train/0153.npz, 4
data/classifier/train/0154.npz, 4
data/classifier/train/0155.npz, 4
data/classifier/train/0156.npz, 4
data/classifier/train/0157.npz, 4
data/classifier/train/0158.npz, 4
data/classifier/train/0159.npz, 4
data/classifier/train/0160.npz, 2
data/classifier/train/0161.npz, 3
data/classifier/train/0162.npz, 4
data/classifier/train/0163.npz, 4
data/classifier/train/0164.npz, 4
data/classifier/train/0165.npz, 4
data/classifier/train/0166.npz, 4
data/classifier/train/0167.npz, 4
data/classifier/train/0168.npz, 4
data/classifier/train/0169.npz, 2
data/classifier/train/0170.npz, 2
data/classifier/train/0171.npz, 1
data/classifier/train/0172.npz, 4
data/classifier/train/0173.npz, 4
data/classifier/train/0174.npz, 4
data/classifier/train/0175.npz, 0
data/classifier/train/0176.npz, 4
data/classifier/train/0177.npz, 4
data/classifier/train/0178.npz, 3
data/classifier/train/0179.npz, 0
data/classifier/train/0180.npz, 4
data/classifier/train/0181.npz, 3
data/classifier/train/0182.npz, 4
data/classifier/train/0183.npz, 4
data/classifier/train/0184.npz, 4
data/classifier/train/0185.npz, 3
data/classifier/train/0186.npz, 4
data/classifier/train/0187.npz, 3
data/classifier/train/0188.npz, 4
data/classifier/train/0189.npz, 2
data/classifier/train/0190.npz, 4
data/classifier/train/0191.npz, 1
data/classifier/train/0192.npz, 4
data/classifier/train/0193.npz, 4
data/classifier/train/0194.npz, 4
data/classifier/train/0195.npz, 4
data/classifier/train/0196.npz, 4
data/classifier/train/0197.npz, 4
data/classifier/train/0198.npz, 4
data/classifier/train/0199.npz, 4
data/classifier/train/0200.npz, 1
data/classifier/train/0201.npz, 4
data/classifier/train/0202.npz, 3
data/classifier/train/0203.npz, 1
data/classifier/train/0204.npz, 1
data/classifier/train/0205.npz, 4
data/classifier/train/0206.npz, 4
data/classifier/train/0207.npz, 4
data/classifier/train/0208.npz, 2
data/classifier/train/0209.npz, 0
data/classifier/train/0210.npz, 4
data/classifier/train/0211.npz, 4
data/classifier/train/0212.npz, 4
data/classifier/train/0213.npz, 4
data/classifier/train/0214.npz, 1
data/classifier/train/0215.npz, 4
data/classifier/train/0216.npz, 4
data/classifier/train/0217.npz, 4
data/classifier/train/0218.npz, 1
data/classifier/train/0219.npz, 2
data/classifier/train/0220.npz, 4
data/classifier/train/0221.npz, 2
data/classifier/train/0222.npz, 4
data/classifier/train/0223.npz, 4
data/classifier/train/0224.npz, 4
data/classifier/train/0225.npz, 4
data/classifier/train/0226.npz, 4
data/classifier/train/0227.npz, 4
data/classifier/train/0228.npz, 4
data/classifier/train/0229.npz, 2
data/classifier/train/0230.npz, 1
data/classifier/train/0231.npz, 2
data/classifier/train/0232.npz, 1
data/classifier/train/0233.npz, 4
data/classifier/train/0234.npz, 4
data/classifier/train/0235.npz, 3
data/classifier/train/0236.npz, 4
data/classifier/train/0237.npz, 4
data/classifier/train/0238.npz, 4
data/classifier/train/0239.npz, 4
data/classifier/train/0240.npz, 4
data/classifier/train/0241.npz, 4
data/classifier/train/0242.npz, 4
data/classifier/train/0243.npz, 2
data/classifier/train/0244.npz, 0
data/classifier/train/0245.npz, 4
data/classifier/train/0246.npz, 4
data/classifier/train/0247.npz, 3
data/classifier/train/0248.npz, 3
data/classifier/train/0249.npz, 4
data/classifier/train/0250.npz, 1
data/classifier/train/0251.npz, 3
data/classifier/train/0252.npz, 4
data/classifier/train/0253.npz, 4
data/classifier/train/0254.npz, 4
data/classifier/train/0255.npz, 1
data/classifier/train/0256.npz, 4
data/classifier/train/0257.npz, 4
data/classifier/train/0258.npz, 4
data/classifier/train/0259.npz, 4
data/classifier/train/0260.npz, 1
data/classifier/train/0261.npz, 4
data/classifier/train/0262.npz, 4
data/classifier/train/0263.npz, 4
data/classifier/train/0264.npz, 4
data/classifier/train/0265.npz, 4
data/classifier/train/0266.npz, 4
data/classifier/train/0267.npz, 4
data/classifier/train/0268.npz, 4
data/classifier/train/0269.npz, 1
data/classifier/train/0270.npz, 1
data/classifier/train/0271.npz, 1
data/classifier/train/0272.npz, 1
data/classifier/train/0273.npz, 4
data/classifier/train/0274.npz, 4
data/classifier/train/0275.npz, 4
data/classifier/train/0276.npz, 4
data/classifier/train/0277.npz, 1
data/classifier/train/0278.npz, 4
data/classifier/train/0279.npz, 1
data/classifier/train/0280.npz, 4
data/classifier/train/0281.npz, 4
data/classifier/train/0282.npz, 2
data/classifier/train/0283.npz, 0
data/classifier/train/0284.npz, 4
data/classifier/train/0285.npz, 4
data/classifier/train/0286.npz, 4
data/classifier/train/0287.npz, 4
data/classifier/train/0288.npz, 4
data/classifier/train/0289.npz, 4
data/classifier/train/0290.npz, 0
data/classifier/train/0291.npz, 4
data/classifier/train/0292.npz, 4
data/classifier/train/0293.npz, 0
data/classifier/train/0294.npz, 4
data/classifier/train/0295.npz, 4
data/classifier/train/0296.npz, 4
data/classifier/train/0297.npz, 4
data/classifier/train/0298.npz, 4
data/classifier/train/0299.npz, 4
data/classifier/train/0300.npz, 4
data/classifier/train/0301.npz, 4
data/classifier/train/0302.npz, 4
data/classifier/train/0303.npz, 4
data/classifier/train/0304.npz, 4
data/classifier/train/0305.npz, 3
data/classifier/train/0306.npz, 1
data/classifier/train/0307.npz, 4
data/classifier/train/0308.npz, 3
data/classifier/train/0309.npz, 4
data/classifier/train/0310.npz, 4
data/classifier/train/0311.npz, 2
data/classifier/train/0312.npz, 0
data/classifier/train/0313.npz, 4
data/classifier/train/0314.npz, 4
data/classifier/train/0315.npz, 2
data/classifier/train/0316.npz, 2
data/classifier/train/0317.npz, 0
data/classifier/train/0318.npz, 2
data/classifier/train/0319.npz, 4
data/classifier/train/0320.npz, 4
data/classifier/train/0321.npz, 4
data/classifier/train/0322.npz, 4
data/classifier/train/0323.npz, 4
data/classifier/train/0324.npz, 4
data/classifier/train/0325.npz, 4
data/classifier/train/0326.npz, 4
data/classifier/train/0327.npz, 0
data/classifier/train/0328.npz, 4
data/classifier/train/0329.npz, 2
data/classifier/train/0330.npz, 0
data/classifier/train/0331.npz, 2
data/classifier/train/0332.npz, 3
data/classifier/train/0333.npz, 4
data/classifier/train/0334.npz, 4
data/classifier/train/0335.npz, 3
data/classifier/train/0336.npz, 1
data/classifier/train/0337.npz, 4
data/classifier/train/0338.npz, 4
data/classifier/train/0339.npz, 0
data/classifier/train/0340.npz, 4
data/classifier/train/0341.npz, 2
data/classifier/train/0342.npz, 4
data/classifier/train/0343.npz, 4
data/classifier/train/0344.npz, 4
data/classifier/train/0345.npz, 4
data/classifier/train/0346.npz, 4
data/classifier/train/0347.npz, 3
data/classifier/train/0348.npz, 4
data/classifier/train/0349.npz, 4
data/classifier/train/0350.npz, 0
data/classifier/train/0351.npz, 4
data/classifier/train/0352.npz, 3
data/classifier/train/0353.npz, 4
data/classifier/train/0354.npz, 4
data/classifier/train/0355.npz, 4
data/classifier/train/0356.npz, 3
data/classifier/train/0357.npz, 0
data/classifier/train/0358.npz, 4
data/classifier/train/0359.npz, 2
data/classifier/train/0360.npz, 3
data/classifier/train/0361.npz, 4
data/classifier/train/0362.npz, 4
data/classifier/train/0363.npz, 4
data/classifier/train/0364.npz, 4
data/classifier/train/0365.npz, 4
data/classifier/train/0366.npz, 4
data/classifier/train/0367.npz, 4
data/classifier/train/0368.npz, 4
data/classifier/train/0369.npz, 1
data/classifier/train/0370.npz, 4
data/classifier/train/0371.npz, 3
data/classifier/train/0372.npz, 4
data/classifier/train/0373.npz, 4
data/classifier/train/0374.npz, 4
data/classifier/train/0375.npz, 4
data/classifier/train/0376.npz, 4
data/classifier/train/0377.npz, 0
data/classifier/train/0378.npz, 0
data/classifier/train/0379.npz, 0
data/classifier/train/0380.npz, 4
data/classifier/train/0381.npz, 1
data/classifier/train/0382.npz, 0
data/classifier/train/0383.npz, 4
data/classifier/train/0384.npz, 4
data/classifier/train/0385.npz, 4
data/classifier/train/0386.npz, 4
data/classifier/train/0387.npz, 4
data/classifier/train/0388.npz, 2
data/classifier/train/0389.npz, 2
data/classifier/train/0390.npz, 4
data/classifier/train/0391.npz, 4
data/classifier/train/0392.npz, 4
data/classifier/train/0393.npz, 3
data/classifier/train/0394.npz, 3
data/classifier/train/0395.npz, 4
data/classifier/train/0396.npz, 4
data/classifier/train/0397.npz, 0
data/classifier/train/0398.npz, 2
data/classifier/train/0399.npz, 4
data/classifier/train/0400.npz, 4
data/classifier/train/0401.npz, 4
data/classifier/train/0402.npz, 4
data/classifier/train/0403.npz, 4
data/classifier/train/0404.npz, 2
data/classifier/train/0405.npz, 2
data/classifier/train/0406.npz, 4
data/classifier/train/0407.npz, 2
data/classifier/train/0408.npz, 4
data/classifier/train/0409.npz, 4
data/classifier/train/0410.npz, 2
data/classifier/train/0411.npz, 4
data/classifier/train/0412.npz, 4
data/classifier/train/0413.npz, 4
data/classifier/train/0414.npz, 4
data/classifier/train/0415.npz, 0
data/classifier/train/0416.npz, 4
data/classifier/train/0417.npz, 4
data/classifier/train/0418.npz, 4
data/classifier/train/0419.npz, 4
data/classifier/train/0420.npz, 0
data/classifier/train/0421.npz, 4
data/classifier/train/0422.npz, 3
data/classifier/train/0423.npz, 2
data/classifier/train/0424.npz, 4
data/classifier/train/0425.npz, 4
data/classifier/train/0426.npz, 4
data/classifier/train/0427.npz, 4
data/classifier/train/0428.npz, 4
data/classifier/train/0429.npz, 4
data/classifier/train/0430.npz, 4
data/classifier/train/0431.npz, 2
data/classifier/train/0432.npz, 4
data/classifier/train/0433.npz, 4
data/classifier/train/0434.npz, 0
data/classifier/train/0435.npz, 0
data/classifier/train/0436.npz, 4
data/classifier/train/0437.npz, 3
data/classifier/train/0438.npz, 4
data/classifier/train/0439.npz, 0
data/classifier/train/0440.npz, 2
data/classifier/train/0441.npz, 3
data/classifier/train/0442.npz, 4
data/classifier/train/0443.npz, 4
data/classifier/train/0444.npz, 4
data/classifier/train/0445.npz, 4
data/classifier/train/0446.npz, 4
data/classifier/train/0447.npz, 4
data/classifier/train/0448.npz, 4
data/classifier/train/0449.npz, 4
data/classifier/train/0450.npz, 4
data/classifier/train/0451.npz, 4
data/classifier/train/0452.npz, 0
data/classifier/train/0453.npz, 0
data/classifier/train/0454.npz, 2
data/classifier/train/0455.npz, 3
data/classifier/train/0456.npz, 4
data/classifier/train/0457.npz, 4
data/classifier/train/0458.npz, 1
data/classifier/train/0459.npz, 4
data/classifier/train/0460.npz, 4
data/classifier/train/0461.npz, 4
data/classifier/train/0462.npz, 1
data/classifier/train/0463.npz, 2
data/classifier/train/0464.npz, 4
data/classifier/train/0465.npz, 4
data/classifier/train/0466.npz, 2
data/classifier/train/0467.npz, 4
data/classifier/train/0468.npz, 0
data/classifier/train/0469.npz, 4
data/classifier/train/0470.npz, 3
data/classifier/train/0471.npz, 2
data/classifier/train/0472.npz, 3
data/classifier/train/0473.npz, 4
data/classifier/train/0474.npz, 4
data/classifier/train/0475.npz, 4
data/classifier/train/0476.npz, 1
data/classifier/train/0477.npz, 4
data/classifier/train/0478.npz, 3
data/classifier/train/0479.npz, 4
data/classifier/train/0480.npz, 4
data/classifier/train/0481.npz, 3
data/classifier/train/0482.npz, 4
data/classifier/train/0483.npz, 4
data/classifier/train/0484.npz, 4
data/classifier/train/0485.npz, 4
data/classifier/train/0486.npz, 4
data/classifier/train/0487.npz, 4
data/classifier/train/0488.npz, 4
data/classifier/train/0489.npz, 0
data/classifier/train/0490.npz, 4
data/classifier/train/0491.npz, 2
data/classifier/train/0492.npz, 4
data/classifier/train/0493.npz, 4
data/classifier/train/0494.npz, 4
data/classifier/train/0495.npz, 2
data/classifier/train/0496.npz, 3
data/classifier/train/0497.npz, 4
data/classifier/train/0498.npz, 4
data/classifier/train/0499.npz, 4
data/classifier/train/0500.npz, 4
data/classifier/train/0501.npz, 4
data/classifier/train/0502.npz, 3
data/classifier/train/0503.npz, 4
data/classifier/train/0504.npz, 4
data/classifier/train/0505.npz, 3
data/classifier/train/0506.npz, 0
data/classifier/train/0507.npz, 4
data/classifier/train/0508.npz, 4
data/classifier/train/0509.npz, 1
data/classifier/train/0510.npz, 2
data/classifier/train/0511.npz, 4
data/classifier/train/0512.npz, 4
data/classifier/train/0513.npz, 4
data/classifier/train/0514.npz, 0
data/classifier/train/0515.npz, 1
data/classifier/train/0516.npz, 4
data/classifier/train/0517.npz, 4
data/classifier/train/0518.npz, 4
data/classifier/train/0519.npz, 0
data/classifier/train/0520.npz, 4
data/classifier/train/0521.npz, 4
data/classifier/train/0522.npz, 4
data/classifier/train/0523.npz, 3
data/classifier/train/0524.npz, 2
data/classifier/train/0525.npz, 3
data/classifier/train/0526.npz, 3
data/classifier/train/0527.npz, 4
data/classifier/train/0528.npz, 3
data/classifier/train/0529.npz, 4
data/classifier/train/0530.npz, 4
data/classifier/train/0531.npz, 2
data/classifier/train/0532.npz, 4
data/classifier/train/0533.npz, 4
data/classifier/train/0534.npz, 1
data/classifier/train/0535.npz, 4
data/classifier/train/0536.npz, 4
data/classifier/train/0537.npz, 4
data/classifier/train/0538.npz, 0
data/classifier/train/0539.npz, 1
data/classifier/train/0540.npz, 4
data/classifier/train/0541.npz, 4
data/classifier/train/0542.npz, 4
data/classifier/train/0543.npz, 4
data/classifier/train/0544.npz, 3
data/classifier/train/0545.npz, 4
data/classifier/train/0546.npz, 2
data/classifier/train/0547.npz, 4
data/classifier/train/0548.npz, 1
data/classifier/train/0549.npz, 4
data/classifier/train/0550.npz, 4
data/classifier/train/0551.npz, 4
data/classifier/train/0552.npz, 2
data/classifier/train/0553.npz, 4
data/classifier/train/0554.npz, 4
data/classifier/train/0555.npz, 4
data/classifier/train/0556.npz, 0
data/classifier/train/0557.npz, 4
data/classifier/train/0558.npz, 4
data/classifier/train/0559.npz, 3
data/classifier/train/0560.npz, 3
data/classifier/train/0561.npz, 4
data/classifier/train/0562.npz, 4
data/classifier/train/0563.npz, 4
data/classifier/train/0564.npz, 4
data/classifier/train/0565.npz, 1
data/classifier/train/0566.npz, 4
data/classifier/train/0567.npz, 4
data/classifier/train/0568.npz, 4
data/classifier/train/0569.npz, 3
data/classifier/train/0570.npz, 4
data/classifier/train/0571.npz, 3
data/classifier/train/0572.npz, 4
data/classifier/train/0573.npz, 1
data/classifier/train/0574.npz, 4
data/classifier/train/0575.npz, 0
data/classifier/train/0576.npz, 4
data/classifier/train/0577.npz, 3
data/classifier/train/0578.npz, 4
data/classifier/train/0579.npz, 3
data/classifier/train/0580.npz, 4
data/classifier/train/0581.npz, 4
data/classifier/train/0582.npz, 4
data/classifier/train/0583.npz, 3
data/classifier/train/0584.npz, 2
data/classifier/train/0585.npz, 4
data/classifier/train/0586.npz, 4
data/classifier/train/0587.npz, 4
data/classifier/train/0588.npz, 4
data/classifier/train/0589.npz, 4
data/classifier/train/0590.npz, 3
data/classifier/train/0591.npz, 4
data/classifier/train/0592.npz, 2
data/classifier/train/0593.npz, 4
data/classifier/train/0594.npz, 4
data/classifier/train/0595.npz, 2
data/classifier/train/0596.npz, 3
data/classifier/train/0597.npz, 4
data/classifier/train/0598.npz, 4
data/classifier/train/0599.npz, 4
data/classifier/train/0600.npz, 4
data/classifier/train/0601.npz, 4
data/classifier/train/0602.npz, 4
data/classifier/train/0603.npz, 4
data/classifier/train/0604.npz, 4
data/classifier/train/0605.npz, 4
data/classifier/train/0606.npz, 4
data/classifier/train/0607.npz, 4
data/classifier/train/0608.npz, 4
data/classifier/train/0609.npz, 4
data/classifier/train/0610.npz, 2
data/classifier/train/0611.npz, 2
data/classifier/train/0612.npz, 4
data/classifier/train/0613.npz, 4
data/classifier/train/0614.npz, 2
data/classifier/train/0615.npz, 1
data/classifier/train/0616.npz, 2
data/classifier/train/0617.npz, 4
data/classifier/train/0618.npz, 3
data/classifier/train/0619.npz, 4
data/classifier/train/0620.npz, 4
data/classifier/train/0621.npz, 4
data/classifier/train/0622.npz, 4
data/classifier/train/0623.npz, 4
data/classifier/train/0624.npz, 2
data/classifier/train/0625.npz, 4
data/classifier/train/0626.npz, 4
data/classifier/train/0627.npz, 4
data/classifier/train/0628.npz, 4
data/classifier/train/0629.npz, 4
data/classifier/train/0630.npz, 4
data/classifier/train/0631.npz, 3
data/classifier/train/0632.npz, 4
data/classifier/train/0633.npz, 2
data/classifier/train/0634.npz, 0
data/classifier/train/0635.npz, 4
data/classifier/train/0636.npz, 0
data/classifier/train/0637.npz, 4
data/classifier/train/0638.npz, 0
data/classifier/train/0639.npz, 4
data/classifier/train/0640.npz, 4
data/classifier/train/0641.npz, 4
data/classifier/train/0642.npz, 4
data/classifier/train/0643.npz, 0
data/classifier/train/0644.npz, 4
data/classifier/train/0645.npz, 4
data/classifier/train/0646.npz, 2
data/classifier/train/0647.npz, 4
data/classifier/train/0648.npz, 4
data/classifier/train/0649.npz, 0
data/classifier/train/0650.npz, 3
data/classifier/train/0651.npz, 2
data/classifier/train/0652.npz, 4
data/classifier/train/0653.npz, 4
data/classifier/train/0654.npz, 0
data/classifier/train/0655.npz, 4
data/classifier/train/0656.npz, 4
data/classifier/train/0657.npz, 4
data/classifier/train/0658.npz, 4
data/classifier/train/0659.npz, 0
data/classifier/train/0660.npz, 4
data/classifier/train/0661.npz, 3
data/classifier/train/0662.npz, 4
data/classifier/train/0663.npz, 1
data/classifier/train/0664.npz, 4
data/classifier/train/0665.npz, 4
data/classifier/train/0666.npz, 2
data/classifier/train/0667.npz, 1
data/classifier/train/0668.npz, 4
data/classifier/train/0669.npz, 4
data/classifier/train/0670.npz, 1
data/classifier/train/0671.npz, 0
data/classifier/train/0672.npz, 4
data/classifier/train/0673.npz, 4
data/classifier/train/0674.npz, 4
data/classifier/train/0675.npz, 0
data/classifier/train/0676.npz, 2
data/classifier/train/0677.npz, 4
data/classifier/train/0678.npz, 4
data/classifier/train/0679.npz, 4
data/classifier/train/0680.npz, 0
data/classifier/train/0681.npz, 4
data/classifier/train/0682.npz, 4
data/classifier/train/0683.npz, 1
data/classifier/train/0684.npz, 4
data/classifier/train/0685.npz, 4
data/classifier/train/0686.npz, 4
data/classifier/train/0687.npz, 4
data/classifier/train/0688.npz, 4
data/classifier/train/0689.npz, 4
data/classifier/train/0690.npz, 4
data/classifier/train/0691.npz, 4
data/classifier/train/0692.npz, 4
data/classifier/train/0693.npz, 3
data/classifier/train/0694.npz, 3
data/classifier/train/0695.npz, 0
data/classifier/train/0696.npz, 4
data/classifier/train/0697.npz, 4
data/classifier/train/0698.npz, 4
data/classifier/train/0699.npz, 4
data/classifier/train/0700.npz, 1
data/classifier/train/0701.npz, 3
data/classifier/train/0702.npz, 2
data/classifier/train/0703.npz, 2
data/classifier/train/0704.npz, 4
data/classifier/train/0705.npz, 4
data/classifier/train/0706.npz, 4
data/classifier/train/0707.npz, 0
data/classifier/train/0708.npz, 3
data/classifier/train/0709.npz, 1
data/classifier/train/0710.npz, 4
data/classifier/train/0711.npz, 4
data/classifier/train/0712.npz, 3
data/classifier/train/0713.npz, 4
data/classifier/train/0714.npz, 4
data/classifier/train/0715.npz, 4
data/classifier/train/0716.npz, 1
data/classifier/train/0717.npz, 4
data/classifier/train/0718.npz, 4
data/classifier/train/0719.npz, 4
data/classifier/train/0720.npz, 4
data/classifier/train/0721.npz, 4
data/classifier/train/0722.npz, 4
data/classifier/train/0723.npz, 4
data/classifier/train/0724.npz, 4
data/classifier/train/0725.npz, 3
data/classifier/train/0726.npz, 4
data/classifier/train/0727.npz, 2
data/classifier/train/0728.npz, 4
data/classifier/train/0729.npz, 3
data/classifier/train/0730.npz, 0
data/classifier/train/0731.npz, 4
data/classifier/train/0732.npz, 4
data/classifier/train/0733.npz, 4
data/classifier/train/0734.npz, 4
data/classifier/train/0735.npz, 4
data/classifier/train/0736.npz, 1
data/classifier/train/0737.npz, 4
data/classifier/train/0738.npz, 0
data/classifier/train/0739.npz, 0
data/classifier/train/0740.npz, 0
data/classifier/train/0741.npz, 4
data/classifier/train/0742.npz, 0
data/classifier/train/0743.npz, 4
data/classifier/train/0744.npz, 1
data/classifier/train/0745.npz, 4
data/classifier/train/0746.npz, 4
data/classifier/train/0747.npz, 4
data/classifier/train/0748.npz, 1
data/classifier/train/0749.npz, 0
data/classifier/train/0750.npz, 4
data/classifier/train/0751.npz, 4
data/classifier/train/0752.npz, 0
data/classifier/train/0753.npz, 4
data/classifier/train/0754.npz, 2
data/classifier/train/0755.npz, 3
data/classifier/train/0756.npz, 2
data/classifier/train/0757.npz, 4
data/classifier/train/0758.npz, 3
data/classifier/train/0759.npz, 2
data/classifier/train/0760.npz, 4
data/classifier/train/0761.npz, 4
data/classifier/train/0762.npz, 4
data/classifier/train/0763.npz, 2
data/classifier/train/0764.npz, 1
data/classifier/train/0765.npz, 4
data/classifier/train/0766.npz, 4
data/classifier/train/0767.npz, 1
data/classifier/train/0768.npz, 4
data/classifier/train/0769.npz, 0
data/classifier/train/0770.npz, 4
data/classifier/train/0771.npz, 2
data/classifier/train/0772.npz, 4
data/classifier/train/0773.npz, 4
data/classifier/train/0774.npz, 3
data/classifier/train/0775.npz, 4
data/classifier/train/0776.npz, 4
data/classifier/train/0777.npz, 4
data/classifier/train/0778.npz, 0
data/classifier/train/0779.npz, 2
data/classifier/train/0780.npz, 4
data/classifier/train/0781.npz, 3
data/classifier/train/0782.npz, 3
data/classifier/train/0783.npz, 4
data/classifier/train/0784.npz, 4
data/classifier/train/0785.npz, 1
data/classifier/train/0786.npz, 4
data/classifier/train/0787.npz, 4
data/classifier/train/0788.npz, 4
data/classifier/train/0789.npz, 4
data/classifier/train/0790.npz, 4
data/classifier/train/0791.npz, 4
data/classifier/train/0792.npz, 4
data/classifier/train/0793.npz, 0
data/classifier/train/0794.npz, 4
data/classifier/train/0795.npz, 4
data/classifier/train/0796.npz, 4
data/classifier/train/0797.npz, 4
data/classifier/train/0798.npz, 4
data/classifier/train/0799.npz, 1
data/classifier/train/0800.npz, 0
data/classifier/train/0801.npz, 1
data/classifier/train/0802.npz, 4
data/classifier/train/0803.npz, 4
data/classifier/train/0804.npz, 3
data/classifier/train/0805.npz, 0
data/classifier/train/0806.npz, 4
data/classifier/train/0807.npz, 4
data/classifier/train/0808.npz, 4
data/classifier/train/0809.npz, 2
data/classifier/train/0810.npz, 4
data/classifier/train/0811.npz, 4
data/classifier/train/0812.npz, 4
data/classifier/train/0813.npz, 4
data/classifier/train/0814.npz, 1
data/classifier/train/0815.npz, 3
data/classifier/train/0816.npz, 0
data/classifier/train/0817.npz, 0
data/classifier/train/0818.npz, 1
data/classifier/train/0819.npz, 4
data/classifier/train/0820.npz, 4
data/classifier/train/0821.npz, 4
data/classifier/train/0822.npz, 4
data/classifier/train/0823.npz, 4
data/classifier/train/0824.npz, 0
data/classifier/train/0825.npz, 4
data/classifier/train/0826.npz, 2
data/classifier/train/0827.npz, 2
data/classifier/train/0828.npz, 4
data/classifier/train/0829.npz, 0
data/classifier/train/0830.npz, 3
data/classifier/train/0831.npz, 4
data/classifier/train/0832.npz, 4
data/classifier/train/0833.npz, 4
data/classifier/train/0834.npz, 4
data/classifier/train/0835.npz, 4
data/classifier/train/0836.npz, 0
data/classifier/train/0837.npz, 4
data/classifier/train/0838.npz, 4
data/classifier/train/0839.npz, 2
data/classifier/train/0840.npz, 4
data/classifier/train/0841.npz, 4
data/classifier/train/0842.npz, 4
data/classifier/train/0843.npz, 0
data/classifier/train/0844.npz, 4
data/classifier/train/0845.npz, 2
data/classifier/train/0846.npz, 4
data/classifier/train/0847.npz, 4
data/classifier/train/0848.npz, 4
data/classifier/train/0849.npz, 4
data/classifier/train/0850.npz, 0
data/classifier/train/0851.npz, 3
data/classifier/train/0852.npz, 4
data/classifier/train/0853.npz, 4
data/classifier/train/0854.npz, 4
data/classifier/train/0855.npz, 2
data/classifier/train/0856.npz, 1
data/classifier/train/0857.npz, 1
data/classifier/train/0858.npz, 4
data/classifier/train/0859.npz, 2
data/classifier/train/0860.npz, 2
data/classifier/train/0861.npz, 4
data/classifier/train/0862.npz, 4
data/classifier/train/0863.npz, 4
data/classifier/train/0864.npz, 0
data/classifier/train/0865.npz, 0
data/classifier/train/0866.npz, 4
data/classifier/train/0867.npz, 1
data/classifier/train/0868.npz, 3
data/classifier/train/0869.npz, 4
data/classifier/train/0870.npz, 4
data/classifier/train/0871.npz, 3
data/classifier/train/0872.npz, 4
data/classifier/train/0873.npz, 4
data/classifier/train/0874.npz, 0
data/classifier/train/0875.npz, 3
data/classifier/train/0876.npz, 4
data/classifier/train/0877.npz, 4
data/classifier/train/0878.npz, 2
data/classifier/train/0879.npz, 1
data/classifier/train/0880.npz, 4
data/classifier/train/0881.npz, 4
data/classifier/train/0882.npz, 3
data/classifier/train/0883.npz, 4
data/classifier/train/0884.npz, 4
data/classifier/train/0885.npz, 4
data/classifier/train/0886.npz, 4
data/classifier/train/0887.npz, 4
data/classifier/train/0888.npz, 4
data/classifier/train/0889.npz, 4
data/classifier/train/0890.npz, 1
data/classifier/train/0891.npz, 4
data/classifier/train/0892.npz, 4
data/classifier/train/0893.npz, 0
data/classifier/train/0894.npz, 4
data/classifier/train/0895.npz, 0
data/classifier/train/0896.npz, 4
data/classifier/train/0897.npz, 4
data/classifier/train/0898.npz, 1
data/classifier/train/0899.npz, 4
data/classifier/train/0900.npz, 4
data/classifier/train/0901.npz, 0
data/classifier/train/0902.npz, 3
data/classifier/train/0903.npz, 2
data/classifier/train/0904.npz, 2
data/classifier/train/0905.npz, 4
data/classifier/train/0906.npz, 4
data/classifier/train/0907.npz, 4
data/classifier/train/0908.npz, 2
data/classifier/train/0909.npz, 0
data/classifier/train/0910.npz, 4
data/classifier/train/0911.npz, 2
data/classifier/train/0912.npz, 2
data/classifier/train/0913.npz, 4
data/classifier/train/0914.npz, 4
data/classifier/train/0915.npz, 4
data/classifier/train/0916.npz, 4
data/classifier/train/0917.npz, 4
data/classifier/train/0918.npz, 4
data/classifier/train/0919.npz, 4
data/classifier/train/0920.npz, 2
data/classifier/train/0921.npz, 4
data/classifier/train/0922.npz, 4
data/classifier/train/0923.npz, 4
data/classifier/train/0924.npz, 0
data/classifier/train/0925.npz, 4
data/classifier/train/0926.npz, 4
data/classifier/train/0927.npz, 2
data/classifier/train/0928.npz, 4
data/classifier/train/0929.npz, 4
data/classifier/train/0930.npz, 4
data/classifier/train/0931.npz, 1
data/classifier/train/0932.npz, 3
data/classifier/train/0933.npz, 4
data/classifier/train/0934.npz, 2
data/classifier/train/0935.npz, 1
